{
  "$id": "1",
  "TeleportMain": {
    "$id": "2",
    "ID": "TeleportMain",
    "Key": "Comma",
    "Ctrl": false,
    "Alt": false,
    "Cmd": false,
    "Shift": false,
    "IsModifierOnly": false
  },
  "TeleportSelected": {
    "$id": "3",
    "ID": "TeleportSelected",
    "Key": "Period",
    "Ctrl": false,
    "Alt": false,
    "Cmd": false,
    "Shift": false,
    "IsModifierOnly": false
  },
  "TeleportParty": {
    "$id": "4",
    "ID": "TeleportParty",
    "Key": "Slash",
    "Ctrl": false,
    "Alt": false,
    "Cmd": false,
    "Shift": false,
    "IsModifierOnly": false
  },
  "InventoryUseModifier": {
    "$id": "5",
    "ID": "InventoryUseModifier",
    "Key": "LeftAlt",
    "Ctrl": false,
    "Alt": false,
    "Cmd": false,
    "Shift": false,
    "IsModifierOnly": true
  },
  "ClickToTransferModifier": {
    "$id": "6",
    "ID": "ClickToTransferModifier",
    "Key": "LeftShift",
    "Ctrl": false,
    "Alt": false,
    "Cmd": false,
    "Shift": false,
    "IsModifierOnly": true
  }
}