{
  "LanguageCode": "zh-CN",
  "Version": "0.1.0",
  "Contributors": "ohZbs, Kirie, lhr7324925",
  "HomePage": "https://github.com/cabarius/ToyBox/",
  "Strings": {
    " (This setting is per-save)": "（此设置为单独存档生效）",
    " by the following amount:": "按以下量级：",
    " meters": "",
    "<": "<",
    "<b><color=magenta>Note </color></b><b><color=orange>ToyBox was designed to offer the best user experience at widths of 1920 or higher. Please consider increasing your resolution up of at least 1920x1080 (ideally 4k) and go to Unity Mod Manager 'Settings' tab to change the mod window width to at least 1920.  Increasing the UI scale is nice too when running at 4k</color></b>": "<b><color=magenta>注意</color></b><b><color=orange>ToyBox被设计在1920或更高的宽度下提供最佳的用户体验。请考虑将分辨率提高到至少1920x1080（理想情况下是4k），然后转到Unity Mod Manager“设置”选项卡将Mod窗口宽度更改为至少1920。当以4k运行时，增加UI比例也很好</color></b>",
    "<b><color=magenta>Warning: </color></b><color=orange>This is an experimental preview of ToyBox (<color=cyan>Sh0dan</color>) for Rogue Trader Beta.</color><b><color=yellow> Save early and often.\r\n</color></b><b><color=magenta>Note:</color></b><color=orange> Not all features are functional at this time. The ToyBox team is working hard to get as much working as fast as possible</color>": "<b><color=magenta>警告：</color></b><color=orange>这是一个为行商浪人所作的先行版Toy Box(<color=cyan>Sh0dan</color>)。</color><b><color=yellow>请经常存档\r\n</color></b><b><color=magenta>注意：</color></b><color=orange>功能尚未完善。Toy Box团队正在为此尽可能努力制作中</color>",
    "<b><color=orange>Achievements</color></b>": "",
    "<b><color=orange>Bag of Tricks</color></b>": "",
    "<b><color=orange>Blueprints</color></b> loading: ": "<b><color=orange>蓝图</color></b> 加载：",
    "<b><color=orange>character(s) can be </color></b><color=cyan>Recruited</color><color=#00ff00ff>. This allows you to add non party NPCs to your party as if they were mercenaries</color>": "",
    "<b><color=orange>character(s) can be </color></b><color=cyan>Respecced</color><color=#00ff00ff>. Pressing Respec will close the mod window and take you to character level up</color>": "",
    "<b><color=orange>Colonies</color></b>": "",
    "<b><color=orange>Dialog & NPCs</color></b>": "",
    "<b><color=orange>Enchantment</color></b>": "",
    "<b><color=orange>Enhanced UI</color></b>": "",
    "<b><color=orange>Etudes</color></b>": "",
    "<b><color=orange>Level Up</color></b>": "",
    "<b><color=orange>Loot</color></b>": "",
    "<b><color=orange>Note</color></b><color=#00ff00ff> this is a new and exciting feature that allows you to see for the first time the structure and some basic relationships of </color><b><color=cyan>Etudes</color></b><color=#00ff00ff> and other </color><b><color=cyan>Elements</color></b><color=#00ff00ff> that control the progression of your game story. Etudes are hierarchical in structure and additionally contain a set of </color><b><color=cyan>Elements</color></b><color=#00ff00ff> that can both conditions to check and actions to execute when the etude is started. As you browe you will notice there is a disclosure triangle next to the name which will show the children of the Etude.  Etudes that have </color><b><color=cyan>Elements</color></b><color=#00ff00ff> will offer a second disclosure triangle next to the status that will show them to you.</color>": "",
    "<b><color=orange>Party</color></b>": "",
    "<b><color=orange>Quests</color></b>": "",
    "<b><color=orange>Saves</color></b>": "",
    "<b><color=orange>Search 'n Pick</color></b>": "",
    "<b><color=orange>Settings</color></b>": "",
    "<b><color=yellow>BACK UP</color></b><color=orange> before playing with this feature.You will lose your mythic ranks but you can restore them in this Party Editor.</color>": "<b><color=yellow>请备份存档</color></b><color=orange>再使用此功能。你会失去你的神话阶层，但你可以在这个队伍编辑器中恢复它们。</color>",
    "<b><color=yellow>WARNING</color></b><color=orange> The Respec UI is </color><b><color=yellow>Non Interruptable</color></b><color=orange> please save before using</color>": "",
    "<b><color=yellow>WARNING</color></b><color=orange> these features are </color><b><color=yellow>EXPERIMENTAL</color></b><color=orange> and uses unreleased and likely buggy code.</color>": "<b><color=yellow>警告：</color></b><color=orange>此功能为</color><b><color=yellow>实验性</color></b><color=orange> 并使用未发布和可能有bug的代码。</color>",
    "<b><color=yellow>WARNING</color></b><color=orange> this tool can both miraculously fix your broken progression or it can break it even further. Save and back up your save before using.</color>": "",
    "<color=#00A000FF>Uncommon</color>": "<color=#00A000FF>精良</color>",
    "<color=#00ff00ff>Some responses such as comments about your mythic powers will always choose the first one by default. This allows the game to mix things up a bit</color><b><color=yellow>\nWarning:</color></b><color=orange> this will introduce randomness to NPC responses to you in general and may lead to surprising or even wild outcomes</color>": "<color=#00ff00ff>某些回应（如关于你神话力量的评论）默认始终选择第一个。这将允许游戏将一些东西混合起来</color><b><color=yellow>\n警告：</color></b><color=orange>这将给NPC的反应引入随机性，并可能导致令人惊讶甚至狂野的结果</color>",
    "<color=#00ff00ff>Tells the game to reset the in game UI.</color><color=yellow> Warning</color><color=orange> Using this in dialog or the book will dismiss that dialog which may break progress so use with care</color>": "",
    "<color=#00ff00ff>This allows you to loot items that are locked such as items carried by certain NPCs and items locked on your characters</color><b><color=yellow>\nWARNING: </color></b><color=yellow>This may affect story progression (e.g. your purple knife)</color>": "<color=#00ff00ff>这允许你掠夺被锁定的物品，如某些NPC携带的物品和锁定在你的角色身上的物品</color><b><color=yellow>\n警告：</color></b><color=yellow>这可能影响游戏进程（如锁定在你身上的紫色石刀）</color>",
    "<color=#00ff00ff>This makes loot function like Diablo or Borderlands. <color=orange>Note: turning this off requires you to save and reload for it to take effect.</color></color>": "<color=#00ff00ff>这使得战利品功能类似暗黑破坏神或无主之地。<color=orange>注意：关闭此项需要保存并重新加载才能生效。</color></color>",
    "<color=#1030E0FF>Rare</color>": "<color=#1030E0FF>稀有</color>",
    "<color=#6030F0FF>Epic</color>": "<color=#6030F0FF>史诗</color>",
    "<color=#60FFFFFF>Primal</color>": "<color=#60FFFFFF>基础</color>",
    "<color=#808080FF>Trash</color>": "<color=#808080FF>垃圾</color>",
    "<color=#98761FFF>Notable</color>": "<color=#98761FFF>值得注意</color>",
    "<color=#A00000FF>Godly</color>": "<color=#A00000FF>神圣</color>",
    "<color=#A000A0FF>Mythic</color>": "<color=#A000A0FF>神话</color>",
    "<color=#D0D0D0FF>None</color>": "<color=#D0D0D0FF>无</color>",
    "<color=#D8D8D8A0>Common</color>": "<color=#D8D8D8A0>普通</color>",
    "<color=#E67821E0>Legendary</color>": "<color=#E67821E0>传奇</color>",
    "<color=cyan> + Click</color> To Transfer Entire Stack": "<color=cyan> + 点击</color> 转移整堆物品",
    "<color=cyan> + Click</color> To Use Items In Inventory": "<color=cyan> + 点击</color> 使用背包中的物品",
    "<color=orange>Experimental</color> Allow remote companions to make comments on dialog you are having.": "",
    "<color=orange>Note:</color><color=#00ff00ff> For cutscenes and some situations the rotation keys are disabled so you have to hold down Mouse3 to drag in order to get rotation</color>": "<color=orange>注意:</color><color=#00ff00ff> 对于过场和某些情况下，旋转键被禁用，所以你必须按住鼠标中键拖动才能旋转</color>",
    "<color=orange>Sandal says '</color><b><color=cyan>Enchantment'</color></b>": "<color=orange>Sandal说</color><b><color=cyan>“增强！”</color></b>",
    ">": ">",
    "Abilities": "能力",
    "Ability Rsrc": "能力资源",
    "Achievements": "成就",
    "Achievements not available until you load a save.": "成就不可用直到你加载一次存档",
    "Active": "活跃",
    "Add": "添加",
    "Adds a search field to Load/Save screen (in game only)": "在加载/保存界面添加一个搜索框（仅在游戏中）",
    "Adjust ": "调整",
    "Adjust based on Level": "基于当前等级调整",
    "Adjust Profit Factor by the following amount:": "",
    "Adjust Reputation by the following amount:": "据以下数目调整威望",
    "Adjust Resource Factor by the following amount:": "据以下数目调整资源因数",
    "Adjust Scrap by the following amount:": "据以下数目调整废料",
    "Adjusts costs of hiring mercenaries at the Pathfinder vendor": "调整在开拓者商人处雇佣佣兵的费用",
    "Adjusts the movement speed of your party in area maps": "调整你的队伍在区域地图中的移动速度",
    "Adjusts the movement speed of your party on world maps": "调整你的队伍在世界地图上的移动速度",
    "All": "所有",
    "All Attacks Hit": "所有攻击命中",
    "All Experience": "所有经验",
    "All Hits Critical": "所有命中暴击",
    "All Units": "所有单位",
    "Allow ": "允许",
    "Allow Achievements While Using Mods": "使用Mod时允许成就",
    "Allow Equipment Change During Combat": "允许战斗中切换装备",
    "Allow Item Use From Inventory During Combat": "允许战斗中从背包使用物品",
    "Allow Looting Of Locked Items": "允许获得锁定物品战利品",
    "Allow Mass Loot to steal from living NPCs": "允许战利品窗口显示活人NPC身上的物品",
    "Alternate Time Scale": "备选时间流速",
    "Always Roll 1": "永远掷1",
    "Always Roll 100": "永远掷100",
    "Always Roll 50": "永远掷50",
    "Answer": "回答",
    "Apply Bug Fixes": "应用Bug修复",
    "Archetypes": "变体",
    "Area Entry": "区域入口",
    "Areas": "区域",
    "Armor": "护甲",
    "ArmourAft": "",
    "ArmourFore": "",
    "ArmourPort": "",
    "ArmourStarboard": "",
    "AttackOfOpportunityCount": "借机次数",
    "Attributes": "属性",
    "Auto Follow While Holding Camera Follow Key": "按住相机跟随键时自动跟随",
    "Auto load Last Save on launch": "启动时自动加载最新存档",
    "Bag of Tricks": "杂项",
    "Be a <b><color=#C04040E0>Murder</color></b><color=orange> Hobo</color>": "成为<b><color=#C04040E0>杀人</color></b><color=orange>狂</color>",
    "Belt": "腰带",
    "Bind": "",
    "Bindable hot key to swap between main and alternate time scale multipliers": "用于在主要和备选时间流速之间切换的可绑定热键",
    "Blueprint": "蓝图",
    "bp": "基础",
    "Brains": "AI",
    "Buff Duration": "增益持续时间",
    "Buff Like A Goddess": "女神级增益",
    "Buffs": "增益",
    "buffs to add to list": "要添加到列表中的增益",
    "Camera": "相机",
    "Can Move Through": "无视模型阻挡（不是无视地形）",
    "Can Start": "",
    "Categories": "类别",
    "Change Colony Stat": "更改殖民地数据",
    "Change Party": "更换队友",
    "Change Portrait": "",
    "Change the party without advancing time (good to bind)": "更换队友而不推进时间（可绑定热键）",
    "Change Weather": "改变天气",
    "Changing your gender may cause visual glitches": "改变性别可能会导致瞎眼建模",
    "Character Level": "角色等级",
    "Cheats": "作弊",
    "CheckBluff": "唬骗",
    "CheckDiplomacy": "交涉",
    "CheckIntimidate": "威吓",
    "Classes": "职业",
    "Click On Equip Slots To Filter Inventory": "点击装备栏过滤背包物品",
    "Collapse All": "折叠所有",
    "Collating...": "整理中…",
    "Colonies": "殖民地",
    "ColonyFoundation": "",
    "Color Item Names": "物品名称颜色",
    "Combat": "战斗",
    "Common": "常见",
    "Common Buffs": "普通增益",
    "Common Tweaks": "通常调整",
    "Companion Cost": "佣兵费用",
    "Complete": "完成",
    "Complete (Final)": "",
    "Components": "组件",
    "conflicts": "",
    "Containers": "容器",
    "Contentment": "满足",
    "Copying...": "抄写中…",
    "Corruption": "深渊腐化",
    "Create & Level Up": "创建和升级",
    "Crew": "",
    "Ctrl + Mouse3 Drag To Adjust Camera Elevation": "Ctrl + 鼠标中键拖动以调整相机高度",
    "Cues": "旁白",
    "Current Amount": "当前数量",
    "Current Blueprint Portrait": "",
    "Current Culture": "",
    "Current Profit Factor": "",
    "Current Reputation": "当前声望",
    "Current Scrap": "当前废料",
    "Custom": "附加",
    "custom exceptions": "已添加例外",
    "Cut Scenes": "过场",
    "Debug": "调试",
    "default exceptions": "默认例外",
    "Description": "描述",
    "Dialog": "对话",
    "Dialog & NPCs": "",
    "Dialog Alignment": "阵营对话",
    "Dialog Conditions": "对话条件",
    "Dialog Results": "对话结果",
    "Dice Rolls": "掷骰",
    "Disable Attacks Of Opportunity": "禁用借机攻击",
    "Disable Dialog Restrictions (Everything, Experimental)": "禁用对话限制（所有，实验性）",
    "Disable Dialog Restrictions (SoulMark)": "禁用对话限制（灵魂伴侣）",
    "Disable Random Encounters in Warp": "禁用随机遭遇战",
    "Display guids in most tooltips, use shift + left click on items/abilities to copy guid to clipboard": "",
    "Don't wait for keypress when loading saves": "读取存档时不要等待按键",
    "Draws dialog choices that you have previously selected in smaller type": "将已选择的对话选项文字缩小",
    "Drusians": "德鲁西亚人",
    "Duration Multiplier": "持续时间倍数",
    "Edit Resources": "编辑资源",
    "Efficiency": "效率",
    "elements": "",
    "Elements": "元素",
    "Empowered": "强化增益",
    "Enable Game Development Mode": "",
    "Enable Mouse3 Dragging To Aim The Camera": "允许鼠标中键拖动来调整相机",
    "Enable Rotate on all maps and cutscenes": "在所有地图和过场中启用视角旋转",
    "Enable Search as you type for Browsers (needs restart)": "",
    "Enable Teleport Keys": "启用传送热键",
    "Enable Zoom on all maps and cutscenes": "在所有地图和过场中启用视角缩放",
    "Ench. Type": "强化类型",
    "Ench. Types": "强化类型",
    "Enchantment": "强化",
    "Enemies": "敌人",
    "Enemy HP Multiplier": "敌人生命值倍数",
    "Enhanced Load/Save": "增强的加载/保存",
    "Enhanced Map View": "增强的地图视图",
    "Enhanced UI": "增强UI",
    "Enterint a Trap Zone while having Traps disabled will prevent that Trap from triggering even if you deactivate this option in the future": "勾选该选项进入陷阱区域将禁止此陷阱触发，即使取消勾选该选项，此陷阱也不会再次触发",
    "Equip (rarity)": "装备（稀有度）",
    "Equipment": "装备",
    "Error": "错误",
    "Etudes": "研究",
    "Evasion": "",
    "Everyone": "所有人",
    "Exceptions to Buff Duration Multiplier (Advanced; will cause blueprints to load)": "增益持续时间修改的例外（高级；将导致蓝图加载）",
    "Expand All": "展开所有",
    "Expand Answers For Conditional Responses": "扩展有条件的回答",
    "Expand Dialog To Include Remote Companions": "扩展对话以包括远程同伴",
    "Experience": "经验",
    "Experience Multipliers": "经验倍数",
    "Explorators": "探险家",
    "Export": "导出",
    "Export current locale to file": "",
    "Faction Selector": "派系选择",
    "Facts": "实物",
    "Failure to load saves that reference custom portraits": "存档自定义肖像加载失败",
    "Faith": "",
    "Features": "特性",
    "Feet": "鞋子",
    "Female": "女性",
    "Field Of View": "视野范围",
    "Finish": "",
    "Fix Camera": "修正相机视角",
    "Fix Incorrect Main Character": "修正不正确的主角",
    "Flags": "标志",
    "Flags Only": "",
    "Fog of War Range": "战争迷雾范围",
    "FoV (Cut Scenes)": "视野范围（过场）",
    "Free Camera": "自由相机视角",
    "Friendly": "友军",
    "Gain ": "",
    "Game Time Scale": "游戏时间流速",
    "Gender": "性别",
    "Generate Comment Translation Table": "",
    "Give All Items": "给予所有物品",
    "Glasses": "眼镜",
    "Gloves": "手套",
    "Go To Global Map": "前往世界地图",
    "Go to page: ": "前往页面",
    "Go!": "跳转",
    "Gold": "",
    "good for larger group or to reduce enemies": "用于更大范围或弱化敌方",
    "good for party": "用于队伍",
    "Head": "头部",
    "Hide": "隐藏",
    "Hide Completed": "",
    "Highlight Copyable Scrolls": "高亮可学习卷轴",
    "Highlight Hidden Objects": "高亮隐藏物体",
    "HitPoints": "生命值",
    "Hold down shift during launch to bypass": "启动时按住Shift键以跳过",
    "Hope": "",
    "Identify All": "鉴定一切",
    "If ticked, this will <b><color=#C04040E0>MURDER</color></b><color=#00ff00ff> all who dare to engage you!</color>": "谁敢<b><color=#C04040E0>向我挑衅，</color></b><color=#00ff00ff>我将终结他的生命!</color>——格拉利昂百宝袋流指挥官符文已配置",
    "If you have a save that uses custom portraits and don't toggle this your game will crash when starting": "如果你有一个使用自定义肖像的存档，而不勾选这个选项，你的游戏将在开始时崩溃",
    "If you tick this you can click on equipment slots to filter the inventory for items that fit in it.\nFor more <color=orange>Enhanced Inventory</color> and <color=orange>Spellbook</color> check out the <b><color=orange>Loot & Spellbook Tab</color></b>": "如果你勾选了这个选项，你就可以点击装备栏来过滤背包中适合它的物品。\n如需更多<color=orange>增强的背包</color>和<color=orange>法术书</color>参见<b><color=orange>战利品和法术书页面</color></b>",
    "Ignore Ability Requirement - AOE Overlap": "忽略能力要求-AOE覆盖",
    "Ignore Ability Requirement - Line of Sight": "忽略能力要求-视线内",
    "Ignore Ability Requirement - Max Range": "忽略能力要求-最大范围",
    "Ignore Ability Requirement - Min Range": "忽略能力要求-最小范围",
    "Ignore all Requirements for Abilities": "忽略能力的所有要求",
    "Ignore Class Restrictions": "忽略职业限制",
    "ignore Equipment Restrictions": "忽略装备限制",
    "Ignore Required Class Levels": "忽略所需的职业等级",
    "Ignore Required Stat Values": "忽略所需的属性值",
    "Ignore Talent Prerequisites": "忽略天赋先决条件",
    "Import": "导入",
    "Import/Export allows you to save and add a list of items to a file based on the type (e.g. Weapon.json). These files live in a new ToyBox folder that in the same folder that contains your saved games ": "导入/导出允许您根据类型存档并将物品列表添加到一个文件中（例如Weapon.json）。这些文件位于一个新的ToyBox文件夹中，该文件夹包含您保存的游戏存档",
    "In Fog Of War ": "穿透战争迷雾",
    "Include Former Companions": "包括过去的队友",
    "Increase Carry Capacity": "增加负重",
    "Increase Carry Capacity (Party Only)": "增加负重（仅队伍）",
    "increment": "",
    "Inertia": "",
    "Infinite Abilities": "无限能力",
    "Infinite Charges On Items": "物品无限充能",
    "Infinite Spell Casts": "无限施法次数",
    "Info": "信息",
    "In-Game Name": "游戏内名称",
    "Initiative": "先攻",
    "Initiative: Always Roll 1": "先攻：永远掷1",
    "Initiative: Always Roll 10": "先攻：永远掷10",
    "Initiative: Always Roll 5": "先攻：永远掷5",
    "Inspect": "检验",
    "Inspect Dialog Controller": "",
    "Inspect Party <color=orange>(for modders)</color>": "检验全队<color=orange>（mod制作者用）</color>",
    "Inspect Quests and Objectives": "",
    "Inspecting: ": "",
    "Instant Rest After Combat": "战斗后立即休息",
    "Interesting NPCs in the local area": "",
    "Internal Name": "内部名称",
    "Invert X Axis": "反转X轴",
    "Invert Y Axis": "反转Y轴",
    "Item": "物品",
    "Kasballica": "卡斯巴利卡",
    "Keyboard:": "键盘：",
    "Kill": "",
    "Kill All Enemies": "杀死所有敌人",
    "Lets you open up the area's mass loot screen to grab goodies whenever you want. Normally shown only when you exit the area": "让你打开当前区域的大型战利品窗口，随时随地刮地三尺。通常只有在你离开当前区域时才会显示",
    "level": "等级",
    "Level": "等级",
    "Level Increase/Decrease": "等级增减",
    "Level Up": "升级",
    "Limit": "限制",
    "Lobotomize Enemies": "敌人变白痴",
    "Localization": "",
    "Lock": "锁定",
    "Log Level": "",
    "Log ToyBox Keyboard Commands In Game": "在游戏中记录ToyBox指令",
    "Loot": "战利品",
    "Loot Checklist": "战利品确认列表",
    "Loot Rarity Coloring": "战利品稀有度颜色",
    "Loot Rarity Filtering": "战利品稀有度过滤",
    "Lose ": "",
    "Main Character": "主角",
    "Main/Alt Timescale": "主要/备选时间流速",
    "Make Controllable": "使召唤物可控制",
    "Make game continue to play music on lost focus": "使游戏在后台时继续播放音乐",
    "Make Puzzle Symbols More Clear": "使拼图碎片更清楚",
    "Make Spell/Ability/Item Pop-Ups Wider ": "使法术/能力/物品弹出窗口更宽",
    "Make tutorials not appear if disabled in settings": "如果已在设置中禁用则不再显示教程",
    "Makes mouse zoom work for the local map (cities, dungeons, etc). Game restart required if you turn it off": "使鼠标缩放适用于区域地图（城市、地牢等）。如果关闭，则需要重新启动游戏",
    "Male": "男性",
    "Mark Interesting NPCs": "标记有趣的NPC",
    "Mark Interesting NPCs on Map": "",
    "Mass Loot": "大型战利品",
    "Matches: ": "符合要求：",
    "max": "",
    "Maximize the ModManager window for best ToyBox user experience": "最大化ModManager窗口以提供最佳ToyBox用户体验",
    "Maximize Window": "最大化窗口",
    "Maximum Rarity To Hide:": "不显示的最高稀有度",
    "Mechadendrite": "",
    "MilitaryRating": "",
    "min": "最小",
    "Minimum Rarity For Loot Rarity Tags/Colors": "战利品稀有标签/颜色的最低稀有度",
    "Modify Summons For": "修改召唤物",
    "Money Earned": "赚取的金钱",
    "Mono Version": "",
    "Morale": "",
    "Mouse:": "鼠标:",
    "Movement Speed": "移动速度",
    "N/A": "N/A",
    "Name of the new Blueprintportrait: ": "",
    "Name of the new Custom Portrait: ": "",
    "Nearby": "附近",
    "Nearby Distance": "",
    "Neck": "颈部",
    "Never Roll 1": "永远不会掷1",
    "Never Roll 100": "永远不会掷100",
    "No Active Dialog": "",
    "No Etudes": "",
    "No Fog Of War": "无战争迷雾",
    "No Friendly Fire On AOEs": "AOE无友军伤害",
    "No Items": "无物品",
    "No Loot Available": "无战利品",
    "Non Combat: Take 1": "战斗外：掷1",
    "None": "无",
    "NonUsable": "不可用物品",
    "Object Highlight Toggle Mode": "目标高亮切换模式",
    "Off": "关闭",
    "Ongoing Events:": "进行中事件",
    "Ongoing Projects:": "进行中项目",
    "Only show languages with existing localization files": "",
    "Open Mass Loot Window": "打开战利品窗口",
    "Open the Localization Guide": "",
    "Other": "其他",
    "Other Multipliers": "其他倍数",
    "Override for Challenges": "",
    "Override for Combat": "仅战斗",
    "Override for Quests": "仅任务",
    "Override for Skill Checks": "仅技能检定",
    "Override for Space Combat": "",
    "Override for Traps": "仅陷阱",
    "Page % of %": "页面 % / %",
    "Page: ": "页面",
    "Parameter": "",
    "Party": "队伍",
    "Party & Pets": "队伍/宠物",
    "Party Level ": "队伍等级",
    "Perm": "永久",
    "Pets": "宠物",
    "Pirates": "海盗",
    "Play": "播放",
    "Prepared Spellslots": "每日准备法术位",
    "Prevent Traps from triggering": "禁止陷阱触发",
    "Preview": "预览",
    "Preview Results": "预览结果",
    "Previously Chosen Dialog Is Smaller ": "较小的已选择对话",
    "Primary": "主要",
    "Progression": "升级",
    "PsyRating": "",
    "Quality of Life": "生活质量",
    "QuestObj": "任务物体",
    "Quests": "任务",
    "Races": "种族",
    "Random Encounters": "随机遭遇",
    "Randomize NPC Responses To Dialog Choices": "随机化NPC对对话选项的反应",
    "Rank": "",
    "Rarity: ": "稀有度",
    "Rating": "评分",
    "rating: ": "评分",
    "Ratings": "评分",
    "Reason": "",
    "Recruit": "",
    "Refill consumables in belt slots if in inventory": "自动从背包填充物品栏中的消耗品",
    "Refresh": "刷新",
    "Remote": "远程",
    "Remove": "移除",
    "Remove Buffs": "移除增益",
    "Remove Deaths Door": "移除死亡",
    "Reroll Perception": "重掷察觉检定",
    "Reset": "重置",
    "Reset Interactables": "重置可交互物体",
    "Reset UI": "",
    "Resolve": "",
    "Resource": "资源",
    "ResourceMiner": "",
    "Resources": "资源",
    "Respec": "",
    "Rest All": "全体休息",
    "Rest Selected": "选中休息",
    "Restart": "",
    "Restore Spells & Skills After Combat": "战斗后恢复法术位和技能次数",
    "Ring": "戒指",
    "Roll With Avantage": "优势掷骰",
    "Roll With Disavantage": "劣势掷骰",
    "Rotation Options": "旋转选项",
    "RT Specific": "即时制专属",
    "Save ID: ": "存档ID",
    "SaveFortitude": "强韧豁免",
    "SaveReflex": "反射豁免",
    "Saves": "存档",
    "SaveWill": "意志豁免",
    "Search": "搜索",
    "Search Descriptions": "搜索描述",
    "Search Limit": "搜索限制",
    "Search 'n Pick": "搜索/添加",
    "Secondary": "次要",
    "Sector Map Points": "区域地图标记",
    "Security": "安全性",
    "Selected Chars": "选中角色",
    "Settings": "设置",
    "Shield": "盾牌",
    "ShipVendor": "船只商人",
    "Shirt": "衣服",
    "Shoulders": "肩部",
    "Show": "显示",
    "Show a list of NPCs that may have quest objectives or other interesting features <color=yellow>(Warning: Spoilers)</color>": "",
    "Show Acronyms in Spell/Ability/Item Pop-Ups": "在法术/能力/物品弹出窗口中显示首字母缩写",
    "Show All": "显示所有",
    "Show Blueprint Portrait Picker": "",
    "Show Comments (some in Russian)": "",
    "Show Custom Portrait Picker": "",
    "Show Display & Internal Names": "显示名称和内部名称",
    "Show Everything When Leaving Map": "离开地图时展示所有物品",
    "Show Friendly": "显示友军",
    "Show GameID": "显示GameID",
    "Show GUIDs": "显示GUIDs",
    "Show Internal Names": "显示内部名称",
    "Show Rarity Tags": "显示稀有度标签",
    "Show reasons you can not equip an item in tooltips": "在提示中显示无法装备物品的原因",
    "Show Tree": "显示分支树",
    "Show Unavailable Responses": "显示非可用回答",
    "Show Unrevealed Steps": "",
    "Skill Checks: Take 1": "技能检定：掷1",
    "Skill Checks: Take 25": "技能检定：掷25",
    "Skill Checks: Take 50": "技能检定：掷50",
    "SkillAthletics": "运动",
    "SkillAwareness": "",
    "SkillCarouse": "",
    "SkillCoercion": "",
    "SkillCommerce": "",
    "SkillDemolition": "",
    "SkillLogic": "",
    "SkillLoreImperium": "",
    "SkillLoreWarp": "",
    "SkillLoreXenos": "",
    "SkillMedicae": "",
    "SkillPersuasion": "沟通",
    "SkillTechUse": "",
    "Some items might be invisible until looted": "有些物品在掉落之前可能是不可见的",
    "Some responses such as comments about your mythic powers will always choose the first one by default. This will show a copy of the answer and the condition for each possible response that an NPC might make to you based on": "某些回应（如关于你神话力量的评论）默认始终选择第一个。这将显示每种可能的回复，以及NPC可能做出的每种可能回复的条件",
    "Sort By Count": "",
    "Soul Marks": "",
    "Spawn": "生成",
    "Speed": "移动速度",
    "Speeds up or slows down the entire game (movement, animation, everything)": "加速或减速整个游戏（移动、动画、一切）",
    "Spellbooks": "法术书",
    "Spells": "法术",
    "Spontaneous Spells Per Day": "每日自发法术位",
    "StarshipAmmo": "",
    "StarshipArmorPlating": "",
    "StarshipAugerArray": "",
    "StarshipBridge": "",
    "StarshipGellerFieldDevice": "",
    "StarshipItem": "",
    "StarshipLifeSustainer": "",
    "StarshipPlasmaDrives": "",
    "Starships": "星舰",
    "StarshipVoidShieldGenerator": "",
    "StarshipWarpDrives": "",
    "StarshipWeapon": "",
    "Start": "开始",
    "Stats": "属性",
    "Steal from living NPCs": "从存活剧情人物身上偷窃",
    "Strip HTML (colors) from Logs Tab in Unity Mod Manager": "",
    "Strip HTML (colors) from Native Console": "",
    "Summons": "召唤物",
    "System Map": "系统地图",
    "Teleport": "传送",
    "Teleport Party To You": "将队伍传送到你身边",
    "The following skill check adjustments apply only out of combat": "以下技能检定调整仅适用于战斗外",
    "This allows characters you control to move through the selected category of units during combat": "这允许你控制的角色在战斗中的移动可以穿过所选类别的单位",
    "This allows you to adjust pitch (Camera Tilt) by holding down Mouse3 (which previously just rotated)": "这允许你通过按住鼠标中键（之前只是旋转）来调整俯仰（相机倾斜）",
    "This also includes companions who left the party such as Wenduag if you picked Lann": "这也包括那些离开队伍的同伴，比如如果你选择了兰恩，就会有雯朵格",
    "This directly changes your character level but will not change exp or adjust any features associated with your character. To do a normal level up use +1 Lvl above.  This gets recalculated when you reload the game.  ": "这将直接改变你的角色等级，但不会改变经验或调整任何与你的角色相关的特性。如果是想进行一次正常的升级，请使用上方的lv右侧的+1。当你重新加载游戏时，这将被重新计算。",
    "This hides map pins of loot containers containing at most the selected rarity. <color=orange>Note: Changing settings requires reopening the map.</color>": "这隐藏了战利品界面的地图标记，最多只包含选定稀有度的物品。<color=orange>注意：更改设置需要重新打开地图。</color>",
    "This is intended for you to be able to enjoy the game while using mods that enhance your quality of life.  Please be mindful of the player community and avoid using this mod to trivialize earning prestige achievements like Sadistic Gamer. The author is in discussion with Owlcat about reducing the scope of achievement blocking to just these. Let's show them that we as players can mod and cheat responsibly.": "这是为了让你能够享受游戏，同时使用mod，提高你的生活质量。请注意玩家社区，避免使用此mod来简化获得像受虐历程这样的威望成就。作者正在与Owlcat讨论将成就禁止范围减少到仅这些情况。让我们向他们展示，作为玩家，我们可以负责任地使用mod和作弊",
    "This makes loot function like Diablo or Borderlands. <color=orange>Note: turning this off requires you to save and reload for it to take effect.</color>": "这使得战利品功能类似暗黑破坏神或无主之地。<color=orange>注意：关闭此项需要保存并重新加载才能生效。</color>",
    "This resets all the skill check rolls for all interactable objects in the area": "这会重置区域内所有可交互物体的所有技能检定结果",
    "This sets your experience to match the current value of character level": "这将使你的经验值与角色当前等级的经验值相匹配",
    "This turns on the developer console which lets you access cheat commands, shows a FPS window (hide with F11), etc.\n<b><color=yellow>Warning: </color></b><color=orange>You may need to restart the game for this to fully take effect</color>": "",
    "This will change the color of NPC names on the highlight makers and change the color map markers to indicate that they have interesting or conditional interactions": "",
    "This will change the color of NPC names on the highlike makers and change the color map markers to indicate that they have interesting or conditional interactions": "这将改变高亮的NPC名称颜色，并更改地图标记颜色，以表示他们拥有有趣或有条件的交互",
    "ToyBox Archeologists can tag confusing puzzle pieces with green numbers in the game world and for inventory tool tips it will show text like this: <b><color=yellow>[PuzzlePiece Green3x1]</color></b><b><color=orange>\nNOTE: </color></b><color=orange>Needs game restart to take efect</color>": "ToyBox考古学家可以在游戏世界中用绿色数字标记令人困惑的拼图碎片，对于背包工具提示，它将显示这样的文本：<b><color=yellow>[拼图碎片 绿3x1]</color></b><b><color=orange>\n注意：</color></b><color=orange>需要重新启动游戏才能生效</color>",
    "ToyBox can patch some critical bugs in Rogue Trader Beta, including the following:": "ToyBox可以修复《正义之怒Beta》中的一些关键错误，包括以下内容：",
    "ToyBox has limited functionality from the main menu": "ToyBox在游戏主菜单下功能有限",
    "Trace": "追踪",
    "Travel Speed": "旅行速度",
    "TurretRadius": "",
    "TurretRating": "",
    "Tweaks": "调整",
    "Units": "单位",
    "Units CR": "单位等级",
    "Unlimited Actions During Turn": "回合内无限行动",
    "Unlimited Stacking of Modifiers (Stat/AC/Hit/Damage/Etc)": "调整值无限叠加（属性/AC/攻击/伤害/等）",
    "Unlock": "解锁",
    "Usable": "可用物品",
    "Vendor Buy Price": "商人购买价格",
    "Vendor Sell Price": "商人出售价格",
    "Visual Character Size Multiplier": "角色视觉尺寸倍数",
    "WarhammerAgility": "",
    "WarhammerBallisticSkill": "",
    "WarhammerFellowship": "",
    "WarhammerInitialAPBlue": "",
    "WarhammerInitialAPYellow": "",
    "WarhammerIntelligence": "",
    "WarhammerPerception": "",
    "WarhammerStrength": "",
    "WarhammerToughness": "",
    "WarhammerWeaponSkill": "",
    "WarhammerWillpower": "",
    "Warning": "警告",
    "Weapon": "武器",
    "Weapons": "武器",
    "When enabled and you hold down the camera follow key (usually f) the camera will keep following the unit until you release it": "启用后，按住相机跟随键（通常是F），相机会一直跟随单位，直到你松开它",
    "When loading a game this will go right into the game without having to 'Press any key to continue'": "加载游戏时将直接进入游戏，而无需“按任何键继续”。",
    "When ticked this shows ToyBox commands in the combat log which is helpful for you to know when you used the shortcut": "勾选后，战斗日志中会显示ToyBox指令，这有助于您了解何时使用了快捷键",
    "Whole Party": "全队",
    "Whole Team Moves Same Speed": "全队移动同速",
    "will be used for editing ": "将用于编辑",
    "Wrist": "腕部",
    "You": "你",
    "You can enable hot keys to teleport members of your party to your mouse cursor on Area or the Global Map": "你可以启用热键将队友传送到区域或大地图的鼠标光标位置"
  }
}