{
  "LanguageCode": "en",
  "Version": "0.1.0",
  "Contributors": "The ToyBox Team",
  "HomePage": "https://github.com/cabarius/ToyBox/",
  "Strings": {
    " (This setting is per-save)": " (This setting is per-save)",
    " by the following amount:": " by the following amount:",
    " meters": " meters",
    "<": "<",
    "<b><color=magenta>Note </color></b><b><color=orange>ToyBox was designed to offer the best user experience at widths of 1920 or higher. Please consider increasing your resolution up of at least 1920x1080 (ideally 4k) and go to Unity Mod Manager 'Settings' tab to change the mod window width to at least 1920.  Increasing the UI scale is nice too when running at 4k</color></b>": "<b><color=magenta>Note </color></b><b><color=orange>ToyBox was designed to offer the best user experience at widths of 1920 or higher. Please consider increasing your resolution up of at least 1920x1080 (ideally 4k) and go to Unity Mod Manager 'Settings' tab to change the mod window width to at least 1920.  Increasing the UI scale is nice too when running at 4k</color></b>",
    "<b><color=magenta>Warning: </color></b><color=orange>This is an experimental preview of ToyBox (<color=cyan>Sh0dan</color>) for Rogue Trader Beta.</color><b><color=yellow> Save early and often.\r\n</color></b><b><color=magenta>Note:</color></b><color=orange> Not all features are functional at this time. The ToyBox team is working hard to get as much working as fast as possible</color>": "<b><color=magenta>Warning: </color></b><color=orange>This is an experimental preview of ToyBox (<color=cyan>Sh0dan</color>) for Rogue Trader Beta.</color><b><color=yellow> Save early and often.\r\n</color></b><b><color=magenta>Note:</color></b><color=orange> Not all features are functional at this time. The ToyBox team is working hard to get as much working as fast as possible</color>",
    "<b><color=orange>Achievements</color></b>": "<b><color=orange>Achievements</color></b>",
    "<b><color=orange>Bag of Tricks</color></b>": "<b><color=orange>Bag of Tricks</color></b>",
    "<b><color=orange>Blueprints</color></b> loading: ": "<b><color=orange>Blueprints</color></b> loading: ",
    "<b><color=orange>character(s) can be </color></b><color=cyan>Recruited</color><color=#00ff00ff>. This allows you to add non party NPCs to your party as if they were mercenaries</color>": "<b><color=orange>character(s) can be </color></b><color=cyan>Recruited</color><color=#00ff00ff>. This allows you to add non party NPCs to your party as if they were mercenaries</color>",
    "<b><color=orange>character(s) can be </color></b><color=cyan>Respecced</color><color=#00ff00ff>. Pressing Respec will close the mod window and take you to character level up</color>": "<b><color=orange>character(s) can be </color></b><color=cyan>Respecced</color><color=#00ff00ff>. Pressing Respec will close the mod window and take you to character level up</color>",
    "<b><color=orange>Colonies</color></b>": "<b><color=orange>Colonies</color></b>",
    "<b><color=orange>Dialog & NPCs</color></b>": "<b><color=orange>Dialog & NPCs</color></b>",
    "<b><color=orange>Enchantment</color></b>": "<b><color=orange>Enchantment</color></b>",
    "<b><color=orange>Enhanced UI</color></b>": "<b><color=orange>Enhanced UI</color></b>",
    "<b><color=orange>Etudes</color></b>": "<b><color=orange>Etudes</color></b>",
    "<b><color=orange>Level Up</color></b>": "<b><color=orange>Level Up</color></b>",
    "<b><color=orange>Loot</color></b>": "<b><color=orange>Loot</color></b>",
    "<b><color=orange>Note</color></b><color=#00ff00ff> this is a new and exciting feature that allows you to see for the first time the structure and some basic relationships of </color><b><color=cyan>Etudes</color></b><color=#00ff00ff> and other </color><b><color=cyan>Elements</color></b><color=#00ff00ff> that control the progression of your game story. Etudes are hierarchical in structure and additionally contain a set of </color><b><color=cyan>Elements</color></b><color=#00ff00ff> that can both conditions to check and actions to execute when the etude is started. As you browe you will notice there is a disclosure triangle next to the name which will show the children of the Etude.  Etudes that have </color><b><color=cyan>Elements</color></b><color=#00ff00ff> will offer a second disclosure triangle next to the status that will show them to you.</color>": "<b><color=orange>Note</color></b><color=#00ff00ff> this is a new and exciting feature that allows you to see for the first time the structure and some basic relationships of </color><b><color=cyan>Etudes</color></b><color=#00ff00ff> and other </color><b><color=cyan>Elements</color></b><color=#00ff00ff> that control the progression of your game story. Etudes are hierarchical in structure and additionally contain a set of </color><b><color=cyan>Elements</color></b><color=#00ff00ff> that can both conditions to check and actions to execute when the etude is started. As you browe you will notice there is a disclosure triangle next to the name which will show the children of the Etude.  Etudes that have </color><b><color=cyan>Elements</color></b><color=#00ff00ff> will offer a second disclosure triangle next to the status that will show them to you.</color>",
    "<b><color=orange>Party</color></b>": "<b><color=orange>Party</color></b>",
    "<b><color=orange>Quests</color></b>": "<b><color=orange>Quests</color></b>",
    "<b><color=orange>Saves</color></b>": "<b><color=orange>Saves</color></b>",
    "<b><color=orange>Search 'n Pick</color></b>": "<b><color=orange>Search 'n Pick</color></b>",
    "<b><color=orange>Settings</color></b>": "<b><color=orange>Settings</color></b>",
    "<b><color=yellow>BACK UP</color></b><color=orange> before playing with this feature.You will lose your mythic ranks but you can restore them in this Party Editor.</color>": "<b><color=yellow>BACK UP</color></b><color=orange> before playing with this feature.You will lose your mythic ranks but you can restore them in this Party Editor.</color>",
    "<b><color=yellow>WARNING</color></b><color=orange> The Respec UI is </color><b><color=yellow>Non Interruptable</color></b><color=orange> please save before using</color>": "<b><color=yellow>WARNING</color></b><color=orange> The Respec UI is </color><b><color=yellow>Non Interruptable</color></b><color=orange> please save before using</color>",
    "<b><color=yellow>WARNING</color></b><color=orange> these features are </color><b><color=yellow>EXPERIMENTAL</color></b><color=orange> and uses unreleased and likely buggy code.</color>": "<b><color=yellow>WARNING</color></b><color=orange> these features are </color><b><color=yellow>EXPERIMENTAL</color></b><color=orange> and uses unreleased and likely buggy code.</color>",
    "<b><color=yellow>WARNING</color></b><color=orange> this tool can both miraculously fix your broken progression or it can break it even further. Save and back up your save before using.</color>": "<b><color=yellow>WARNING</color></b><color=orange> this tool can both miraculously fix your broken progression or it can break it even further. Save and back up your save before using.</color>",
    "<color=#00A000FF>Uncommon</color>": "<color=#00A000FF>Uncommon</color>",
    "<color=#00ff00ff>Some responses such as comments about your mythic powers will always choose the first one by default. This allows the game to mix things up a bit</color><b><color=yellow>\nWarning:</color></b><color=orange> this will introduce randomness to NPC responses to you in general and may lead to surprising or even wild outcomes</color>": "<color=#00ff00ff>Some responses such as comments about your mythic powers will always choose the first one by default. This allows the game to mix things up a bit</color><b><color=yellow>\nWarning:</color></b><color=orange> this will introduce randomness to NPC responses to you in general and may lead to surprising or even wild outcomes</color>",
    "<color=#00ff00ff>Tells the game to reset the in game UI.</color><color=yellow> Warning</color><color=orange> Using this in dialog or the book will dismiss that dialog which may break progress so use with care</color>": "<color=#00ff00ff>Tells the game to reset the in game UI.</color><color=yellow> Warning</color><color=orange> Using this in dialog or the book will dismiss that dialog which may break progress so use with care</color>",
    "<color=#00ff00ff>This allows you to loot items that are locked such as items carried by certain NPCs and items locked on your characters</color><b><color=yellow>\nWARNING: </color></b><color=yellow>This may affect story progression (e.g. your purple knife)</color>": "<color=#00ff00ff>This allows you to loot items that are locked such as items carried by certain NPCs and items locked on your characters</color><b><color=yellow>\nWARNING: </color></b><color=yellow>This may affect story progression (e.g. your purple knife)</color>",
    "<color=#00ff00ff>This makes loot function like Diablo or Borderlands. <color=orange>Note: turning this off requires you to save and reload for it to take effect.</color></color>": "<color=#00ff00ff>This makes loot function like Diablo or Borderlands. <color=orange>Note: turning this off requires you to save and reload for it to take effect.</color></color>",
    "<color=#1030E0FF>Rare</color>": "<color=#1030E0FF>Rare</color>",
    "<color=#6030F0FF>Epic</color>": "<color=#6030F0FF>Epic</color>",
    "<color=#60FFFFFF>Primal</color>": "<color=#60FFFFFF>Primal</color>",
    "<color=#808080FF>Trash</color>": "<color=#808080FF>Trash</color>",
    "<color=#98761FFF>Notable</color>": "<color=#98761FFF>Notable</color>",
    "<color=#A00000FF>Godly</color>": "<color=#A00000FF>Godly</color>",
    "<color=#A000A0FF>Mythic</color>": "<color=#A000A0FF>Mythic</color>",
    "<color=#D0D0D0FF>None</color>": "<color=#D0D0D0FF>None</color>",
    "<color=#D8D8D8A0>Common</color>": "<color=#D8D8D8A0>Common</color>",
    "<color=#E67821E0>Legendary</color>": "<color=#E67821E0>Legendary</color>",
    "<color=cyan> + Click</color> To Transfer Entire Stack": "<color=cyan> + Click</color> To Transfer Entire Stack",
    "<color=cyan> + Click</color> To Use Items In Inventory": "<color=cyan> + Click</color> To Use Items In Inventory",
    "<color=orange>Experimental</color> Allow remote companions to make comments on dialog you are having.": "<color=orange>Experimental</color> Allow remote companions to make comments on dialog you are having.",
    "<color=orange>Note:</color><color=#00ff00ff> For cutscenes and some situations the rotation keys are disabled so you have to hold down Mouse3 to drag in order to get rotation</color>": "<color=orange>Note:</color><color=#00ff00ff> For cutscenes and some situations the rotation keys are disabled so you have to hold down Mouse3 to drag in order to get rotation</color>",
    "<color=orange>Sandal says '</color><b><color=cyan>Enchantment'</color></b>": "<color=orange>Sandal says '</color><b><color=cyan>Enchantment'</color></b>",
    ">": ">",
    "Abilities": "Abilities",
    "Ability Rsrc": "Ability Rsrc",
    "Achievements": "Achievements",
    "Achievements not available until you load a save.": "Achievements not available until you load a save.",
    "Active": "Active",
    "Add": "Add",
    "Adds a search field to Load/Save screen (in game only)": "Adds a search field to Load/Save screen (in game only)",
    "Adjust ": "Adjust ",
    "Adjust based on Level": "Adjust based on Level",
    "Adjust Profit Factor by the following amount:": "Adjust Profit Factor by the following amount:",
    "Adjust Reputation by the following amount:": "Adjust Reputation by the following amount:",
    "Adjust Resource Factor by the following amount:": "Adjust Resource Factor by the following amount:",
    "Adjust Scrap by the following amount:": "Adjust Scrap by the following amount:",
    "Adjusts costs of hiring mercenaries at the Pathfinder vendor": "Adjusts costs of hiring mercenaries at the Pathfinder vendor",
    "Adjusts the movement speed of your party in area maps": "Adjusts the movement speed of your party in area maps",
    "Adjusts the movement speed of your party on world maps": "Adjusts the movement speed of your party on world maps",
    "All": "All",
    "All Attacks Hit": "All Attacks Hit",
    "All Experience": "All Experience",
    "All Hits Critical": "All Hits Critical",
    "All Units": "All Units",
    "Allow ": "Allow ",
    "Allow Achievements While Using Mods": "Allow Achievements While Using Mods",
    "Allow Equipment Change During Combat": "Allow Equipment Change During Combat",
    "Allow Item Use From Inventory During Combat": "Allow Item Use From Inventory During Combat",
    "Allow Looting Of Locked Items": "Allow Looting Of Locked Items",
    "Allow Mass Loot to steal from living NPCs": "Allow Mass Loot to steal from living NPCs",
    "Alternate Time Scale": "Alternate Time Scale",
    "Always Roll 1": "Always Roll 1",
    "Always Roll 100": "Always Roll 100",
    "Always Roll 50": "Always Roll 50",
    "Answer": "Answer",
    "Apply Bug Fixes": "Apply Bug Fixes",
    "Archetypes": "Archetypes",
    "Area Entry": "Area Entry",
    "Areas": "Areas",
    "Armor": "Armor",
    "ArmourAft": "ArmourAft",
    "ArmourFore": "ArmourFore",
    "ArmourPort": "ArmourPort",
    "ArmourStarboard": "ArmourStarboard",
    "AttackOfOpportunityCount": "AttackOfOpportunityCount",
    "Attributes": "Attributes",
    "Auto Follow While Holding Camera Follow Key": "Auto Follow While Holding Camera Follow Key",
    "Auto load Last Save on launch": "Auto load Last Save on launch",
    "Bag of Tricks": "Bag of Tricks",
    "Be a <b><color=#C04040E0>Murder</color></b><color=orange> Hobo</color>": "Be a <b><color=#C04040E0>Murder</color></b><color=orange> Hobo</color>",
    "Belt": "Belt",
    "Bind": "Bind",
    "Bindable hot key to swap between main and alternate time scale multipliers": "Bindable hot key to swap between main and alternate time scale multipliers",
    "Blueprint": "Blueprint",
    "bp": "bp",
    "Brains": "Brains",
    "Buff Duration": "Buff Duration",
    "Buff Like A Goddess": "Buff Like A Goddess",
    "Buffs": "Buffs",
    "buffs to add to list": "buffs to add to list",
    "Camera": "Camera",
    "Can Move Through": "Can Move Through",
    "Can Start": "Can Start",
    "Categories": "Categories",
    "Change Colony Stat": "Change Colony Stat",
    "Change Party": "Change Party",
    "Change Portrait": "Change Portrait",
    "Change the party without advancing time (good to bind)": "Change the party without advancing time (good to bind)",
    "Change Weather": "Change Weather",
    "Changing your gender may cause visual glitches": "Changing your gender may cause visual glitches",
    "Character Level": "Character Level",
    "Cheats": "Cheats",
    "CheckBluff": "CheckBluff",
    "CheckDiplomacy": "CheckDiplomacy",
    "CheckIntimidate": "CheckIntimidate",
    "Classes": "Classes",
    "Click On Equip Slots To Filter Inventory": "Click On Equip Slots To Filter Inventory",
    "Collapse All": "Collapse All",
    "Collating...": "Collating...",
    "Colonies": "Colonies",
    "ColonyFoundation": "ColonyFoundation",
    "Color Item Names": "Color Item Names",
    "Combat": "Combat",
    "Common": "Common",
    "Common Buffs": "Common Buffs",
    "Common Tweaks": "Common Tweaks",
    "Companion Cost": "Companion Cost",
    "Complete": "Complete",
    "Complete (Final)": "Complete (Final)",
    "Components": "Components",
    "conflicts": "conflicts",
    "Containers": "Containers",
    "Contentment": "Contentment",
    "Copying...": "Copying...",
    "Corruption": "Corruption",
    "Create & Level Up": "Create & Level Up",
    "Crew": "Crew",
    "Ctrl + Mouse3 Drag To Adjust Camera Elevation": "Ctrl + Mouse3 Drag To Adjust Camera Elevation",
    "Cues": "Cues",
    "Current Amount": "Current Amount",
    "Current Blueprint Portrait": "Current Blueprint Portrait",
    "Current Culture": "Current Culture",
    "Current Profit Factor": "Current Profit Factor",
    "Current Reputation": "Current Reputation",
    "Current Scrap": "Current Scrap",
    "Custom": "Custom",
    "custom exceptions": "custom exceptions",
    "Cut Scenes": "Cut Scenes",
    "Debug": "Debug",
    "default exceptions": "default exceptions",
    "Description": "Description",
    "Dialog": "Dialog",
    "Dialog & NPCs": "Dialog & NPCs",
    "Dialog Alignment": "Dialog Alignment",
    "Dialog Conditions": "Dialog Conditions",
    "Dialog Results": "Dialog Results",
    "Dice Rolls": "Dice Rolls",
    "Disable Attacks Of Opportunity": "Disable Attacks Of Opportunity",
    "Disable Dialog Restrictions (Everything, Experimental)": "Disable Dialog Restrictions (Everything, Experimental)",
    "Disable Dialog Restrictions (SoulMark)": "Disable Dialog Restrictions (SoulMark)",
    "Disable Random Encounters in Warp": "Disable Random Encounters in Warp",
    "Display guids in most tooltips, use shift + left click on items/abilities to copy guid to clipboard": "Display guids in most tooltips, use shift + left click on items/abilities to copy guid to clipboard",
    "Don't wait for keypress when loading saves": "Don't wait for keypress when loading saves",
    "Draws dialog choices that you have previously selected in smaller type": "Draws dialog choices that you have previously selected in smaller type",
    "Drusians": "Drusians",
    "Duration Multiplier": "Duration Multiplier",
    "Edit Resources": "Edit Resources",
    "Efficiency": "Efficiency",
    "elements": "elements",
    "Elements": "Elements",
    "Empowered": "Empowered",
    "Enable Game Development Mode": "Enable Game Development Mode",
    "Enable Mouse3 Dragging To Aim The Camera": "Enable Mouse3 Dragging To Aim The Camera",
    "Enable Rotate on all maps and cutscenes": "Enable Rotate on all maps and cutscenes",
    "Enable Search as you type for Browsers (needs restart)": "Enable Search as you type for Browsers (needs restart)",
    "Enable Teleport Keys": "Enable Teleport Keys",
    "Enable Zoom on all maps and cutscenes": "Enable Zoom on all maps and cutscenes",
    "Ench. Type": "Ench. Type",
    "Ench. Types": "Ench. Types",
    "Enchantment": "Enchantment",
    "Enemies": "Enemies",
    "Enemy HP Multiplier": "Enemy HP Multiplier",
    "Enhanced Load/Save": "Enhanced Load/Save",
    "Enhanced Map View": "Enhanced Map View",
    "Enhanced UI": "Enhanced UI",
    "Enterint a Trap Zone while having Traps disabled will prevent that Trap from triggering even if you deactivate this option in the future": "Enterint a Trap Zone while having Traps disabled will prevent that Trap from triggering even if you deactivate this option in the future",
    "Equip (rarity)": "Equip (rarity)",
    "Equipment": "Equipment",
    "Error": "Error",
    "Etudes": "Etudes",
    "Evasion": "Evasion",
    "Everyone": "Everyone",
    "Exceptions to Buff Duration Multiplier (Advanced; will cause blueprints to load)": "Exceptions to Buff Duration Multiplier (Advanced; will cause blueprints to load)",
    "Expand All": "Expand All",
    "Expand Answers For Conditional Responses": "Expand Answers For Conditional Responses",
    "Expand Dialog To Include Remote Companions": "Expand Dialog To Include Remote Companions",
    "Experience": "Experience",
    "Experience Multipliers": "Experience Multipliers",
    "Explorators": "Explorators",
    "Export": "Export",
    "Export current locale to file": "Export current locale to file",
    "Faction Selector": "Faction Selector",
    "Facts": "Facts",
    "Failure to load saves that reference custom portraits": "Failure to load saves that reference custom portraits",
    "Faith": "Faith",
    "Features": "Features",
    "Feet": "Feet",
    "Female": "Female",
    "Field Of View": "Field Of View",
    "Finish": "Finish",
    "Fix Camera": "Fix Camera",
    "Fix Incorrect Main Character": "Fix Incorrect Main Character",
    "Flags": "Flags",
    "Flags Only": "Flags Only",
    "Fog of War Range": "Fog of War Range",
    "FoV (Cut Scenes)": "FoV (Cut Scenes)",
    "Free Camera": "Free Camera",
    "Friendly": "Friendly",
    "Gain ": "Gain ",
    "Game Time Scale": "Game Time Scale",
    "Gender": "Gender",
    "Generate Comment Translation Table": "Generate Comment Translation Table",
    "Give All Items": "Give All Items",
    "Glasses": "Glasses",
    "Gloves": "Gloves",
    "Go To Global Map": "Go To Global Map",
    "Go to page: ": "Go to page: ",
    "Go!": "Go!",
    "Gold": "Gold",
    "good for larger group or to reduce enemies": "good for larger group or to reduce enemies",
    "good for party": "good for party",
    "Head": "Head",
    "Hide": "Hide",
    "Hide Completed": "Hide Completed",
    "Highlight Copyable Scrolls": "Highlight Copyable Scrolls",
    "Highlight Hidden Objects": "Highlight Hidden Objects",
    "HitPoints": "HitPoints",
    "Hold down shift during launch to bypass": "Hold down shift during launch to bypass",
    "Hope": "Hope",
    "Identify All": "Identify All",
    "If ticked, this will <b><color=#C04040E0>MURDER</color></b><color=#00ff00ff> all who dare to engage you!</color>": "If ticked, this will <b><color=#C04040E0>MURDER</color></b><color=#00ff00ff> all who dare to engage you!</color>",
    "If you have a save that uses custom portraits and don't toggle this your game will crash when starting": "If you have a save that uses custom portraits and don't toggle this your game will crash when starting",
    "If you tick this you can click on equipment slots to filter the inventory for items that fit in it.\nFor more <color=orange>Enhanced Inventory</color> and <color=orange>Spellbook</color> check out the <b><color=orange>Loot & Spellbook Tab</color></b>": "If you tick this you can click on equipment slots to filter the inventory for items that fit in it.\nFor more <color=orange>Enhanced Inventory</color> and <color=orange>Spellbook</color> check out the <b><color=orange>Loot & Spellbook Tab</color></b>",
    "Ignore Ability Requirement - AOE Overlap": "Ignore Ability Requirement - AOE Overlap",
    "Ignore Ability Requirement - Line of Sight": "Ignore Ability Requirement - Line of Sight",
    "Ignore Ability Requirement - Max Range": "Ignore Ability Requirement - Max Range",
    "Ignore Ability Requirement - Min Range": "Ignore Ability Requirement - Min Range",
    "Ignore all Requirements for Abilities": "Ignore all Requirements for Abilities",
    "Ignore Class Restrictions": "Ignore Class Restrictions",
    "ignore Equipment Restrictions": "ignore Equipment Restrictions",
    "Ignore Required Class Levels": "Ignore Required Class Levels",
    "Ignore Required Stat Values": "Ignore Required Stat Values",
    "Ignore Talent Prerequisites": "Ignore Talent Prerequisites",
    "Import": "Import",
    "Import/Export allows you to save and add a list of items to a file based on the type (e.g. Weapon.json). These files live in a new ToyBox folder that in the same folder that contains your saved games ": "Import/Export allows you to save and add a list of items to a file based on the type (e.g. Weapon.json). These files live in a new ToyBox folder that in the same folder that contains your saved games ",
    "In Fog Of War ": "In Fog Of War ",
    "Include Former Companions": "Include Former Companions",
    "Increase Carry Capacity": "Increase Carry Capacity",
    "Increase Carry Capacity (Party Only)": "Increase Carry Capacity (Party Only)",
    "increment": "increment",
    "Inertia": "Inertia",
    "Infinite Abilities": "Infinite Abilities",
    "Infinite Charges On Items": "Infinite Charges On Items",
    "Infinite Spell Casts": "Infinite Spell Casts",
    "Info": "Info",
    "In-Game Name": "In-Game Name",
    "Initiative": "Initiative",
    "Initiative: Always Roll 1": "Initiative: Always Roll 1",
    "Initiative: Always Roll 10": "Initiative: Always Roll 10",
    "Initiative: Always Roll 5": "Initiative: Always Roll 5",
    "Inspect": "Inspect",
    "Inspect Dialog Controller": "Inspect Dialog Controller",
    "Inspect Party <color=orange>(for modders)</color>": "Inspect Party <color=orange>(for modders)</color>",
    "Inspect Quests and Objectives": "Inspect Quests and Objectives",
    "Inspecting: ": "Inspecting: ",
    "Instant Rest After Combat": "Instant Rest After Combat",
    "Interesting NPCs in the local area": "Interesting NPCs in the local area",
    "Internal Name": "Internal Name",
    "Invert X Axis": "Invert X Axis",
    "Invert Y Axis": "Invert Y Axis",
    "Item": "Item",
    "Kasballica": "Kasballica",
    "Keyboard:": "Keyboard:",
    "Kill": "Kill",
    "Kill All Enemies": "Kill All Enemies",
    "Lets you open up the area's mass loot screen to grab goodies whenever you want. Normally shown only when you exit the area": "Lets you open up the area's mass loot screen to grab goodies whenever you want. Normally shown only when you exit the area",
    "level": "level",
    "Level": "Level",
    "Level Increase/Decrease": "Level Increase/Decrease",
    "Level Up": "Level Up",
    "Limit": "Limit",
    "Lobotomize Enemies": "Lobotomize Enemies",
    "Localization": "Localization",
    "Lock": "Lock",
    "Log Level": "Log Level",
    "Log ToyBox Keyboard Commands In Game": "Log ToyBox Keyboard Commands In Game",
    "Loot": "Loot",
    "Loot Checklist": "Loot Checklist",
    "Loot Rarity Coloring": "Loot Rarity Coloring",
    "Loot Rarity Filtering": "Loot Rarity Filtering",
    "Lose ": "Lose ",
    "Main Character": "Main Character",
    "Main/Alt Timescale": "Main/Alt Timescale",
    "Make Controllable": "Make Controllable",
    "Make game continue to play music on lost focus": "Make game continue to play music on lost focus",
    "Make Puzzle Symbols More Clear": "Make Puzzle Symbols More Clear",
    "Make Spell/Ability/Item Pop-Ups Wider ": "Make Spell/Ability/Item Pop-Ups Wider ",
    "Make tutorials not appear if disabled in settings": "Make tutorials not appear if disabled in settings",
    "Makes mouse zoom work for the local map (cities, dungeons, etc). Game restart required if you turn it off": "Makes mouse zoom work for the local map (cities, dungeons, etc). Game restart required if you turn it off",
    "Male": "Male",
    "Mark Interesting NPCs": "Mark Interesting NPCs",
    "Mark Interesting NPCs on Map": "Mark Interesting NPCs on Map",
    "Mass Loot": "Mass Loot",
    "Matches: ": "Matches: ",
    "max": "max",
    "Maximize the ModManager window for best ToyBox user experience": "Maximize the ModManager window for best ToyBox user experience",
    "Maximize Window": "Maximize Window",
    "Maximum Rarity To Hide:": "Maximum Rarity To Hide:",
    "Mechadendrite": "Mechadendrite",
    "MilitaryRating": "MilitaryRating",
    "min": "min",
    "Minimum Rarity For Loot Rarity Tags/Colors": "Minimum Rarity For Loot Rarity Tags/Colors",
    "Modify Summons For": "Modify Summons For",
    "Money Earned": "Money Earned",
    "Mono Version": "Mono Version",
    "Morale": "Morale",
    "Mouse:": "Mouse:",
    "Movement Speed": "Movement Speed",
    "N/A": "N/A",
    "Name of the new Blueprintportrait: ": "Name of the new Blueprintportrait: ",
    "Name of the new Custom Portrait: ": "Name of the new Custom Portrait: ",
    "Nearby": "Nearby",
    "Nearby Distance": "Nearby Distance",
    "Neck": "Neck",
    "Never Roll 1": "Never Roll 1",
    "Never Roll 100": "Never Roll 100",
    "No Active Dialog": "No Active Dialog",
    "No Etudes": "No Etudes",
    "No Fog Of War": "No Fog Of War",
    "No Friendly Fire On AOEs": "No Friendly Fire On AOEs",
    "No Items": "No Items",
    "No Loot Available": "No Loot Available",
    "Non Combat: Take 1": "Non Combat: Take 1",
    "None": "None",
    "NonUsable": "NonUsable",
    "Object Highlight Toggle Mode": "Object Highlight Toggle Mode",
    "Off": "Off",
    "Ongoing Events:": "Ongoing Events:",
    "Ongoing Projects:": "Ongoing Projects:",
    "Only show languages with existing localization files": "Only show languages with existing localization files",
    "Open Mass Loot Window": "Open Mass Loot Window",
    "Open the Localization Guide": "Open the Localization Guide",
    "Other": "Other",
    "Other Multipliers": "Other Multipliers",
    "Override for Challenges": "Override for Challenges",
    "Override for Combat": "Override for Combat",
    "Override for Quests": "Override for Quests",
    "Override for Skill Checks": "Override for Skill Checks",
    "Override for Space Combat": "Override for Space Combat",
    "Override for Traps": "Override for Traps",
    "Page % of %": "Page % of %",
    "Page: ": "Page: ",
    "Parameter": "Parameter",
    "Party": "Party",
    "Party & Pets": "Party & Pets",
    "Party Level ": "Party Level ",
    "Perm": "Perm",
    "Pets": "Pets",
    "Pirates": "Pirates",
    "Play": "Play",
    "Prepared Spellslots": "Prepared Spellslots",
    "Prevent Traps from triggering": "Prevent Traps from triggering",
    "Preview": "Preview",
    "Preview Results": "Preview Results",
    "Previously Chosen Dialog Is Smaller ": "Previously Chosen Dialog Is Smaller ",
    "Primary": "Primary",
    "Progression": "Progression",
    "PsyRating": "PsyRating",
    "Quality of Life": "Quality of Life",
    "QuestObj": "QuestObj",
    "Quests": "Quests",
    "Races": "Races",
    "Random Encounters": "Random Encounters",
    "Randomize NPC Responses To Dialog Choices": "Randomize NPC Responses To Dialog Choices",
    "Rank": "Rank",
    "Rarity: ": "Rarity: ",
    "Rating": "Rating",
    "rating: ": "rating: ",
    "Ratings": "Ratings",
    "Reason": "Reason",
    "Recruit": "Recruit",
    "Refill consumables in belt slots if in inventory": "Refill consumables in belt slots if in inventory",
    "Refresh": "Refresh",
    "Remote": "Remote",
    "Remove": "Remove",
    "Remove Buffs": "Remove Buffs",
    "Remove Deaths Door": "Remove Deaths Door",
    "Reroll Perception": "Reroll Perception",
    "Reset": "Reset",
    "Reset Interactables": "Reset Interactables",
    "Reset UI": "Reset UI",
    "Resolve": "Resolve",
    "Resource": "Resource",
    "ResourceMiner": "ResourceMiner",
    "Resources": "Resources",
    "Respec": "Respec",
    "Rest All": "Rest All",
    "Rest Selected": "Rest Selected",
    "Restart": "Restart",
    "Restore Spells & Skills After Combat": "Restore Spells & Skills After Combat",
    "Ring": "Ring",
    "Roll With Avantage": "Roll With Avantage",
    "Roll With Disavantage": "Roll With Disavantage",
    "Rotation Options": "Rotation Options",
    "RT Specific": "RT Specific",
    "Save ID: ": "Save ID: ",
    "SaveFortitude": "SaveFortitude",
    "SaveReflex": "SaveReflex",
    "Saves": "Saves",
    "SaveWill": "SaveWill",
    "Search": "Search",
    "Search Descriptions": "Search Descriptions",
    "Search Limit": "Search Limit",
    "Search 'n Pick": "Search 'n Pick",
    "Secondary": "Secondary",
    "Sector Map Points": "Sector Map Points",
    "Security": "Security",
    "Selected Chars": "Selected Chars",
    "Settings": "Settings",
    "Shield": "Shield",
    "ShipVendor": "ShipVendor",
    "Shirt": "Shirt",
    "Shoulders": "Shoulders",
    "Show": "Show",
    "Show a list of NPCs that may have quest objectives or other interesting features <color=yellow>(Warning: Spoilers)</color>": "Show a list of NPCs that may have quest objectives or other interesting features <color=yellow>(Warning: Spoilers)</color>",
    "Show Acronyms in Spell/Ability/Item Pop-Ups": "Show Acronyms in Spell/Ability/Item Pop-Ups",
    "Show All": "Show All",
    "Show Blueprint Portrait Picker": "Show Blueprint Portrait Picker",
    "Show Comments (some in Russian)": "Show Comments (some in Russian)",
    "Show Custom Portrait Picker": "Show Custom Portrait Picker",
    "Show Display & Internal Names": "Show Display & Internal Names",
    "Show Everything When Leaving Map": "Show Everything When Leaving Map",
    "Show Friendly": "Show Friendly",
    "Show GameID": "Show GameID",
    "Show GUIDs": "Show GUIDs",
    "Show Internal Names": "Show Internal Names",
    "Show Rarity Tags": "Show Rarity Tags",
    "Show reasons you can not equip an item in tooltips": "Show reasons you can not equip an item in tooltips",
    "Show Tree": "Show Tree",
    "Show Unavailable Responses": "Show Unavailable Responses",
    "Show Unrevealed Steps": "Show Unrevealed Steps",
    "Skill Checks: Take 1": "Skill Checks: Take 1",
    "Skill Checks: Take 25": "Skill Checks: Take 25",
    "Skill Checks: Take 50": "Skill Checks: Take 50",
    "SkillAthletics": "SkillAthletics",
    "SkillAwareness": "SkillAwareness",
    "SkillCarouse": "SkillCarouse",
    "SkillCoercion": "SkillCoercion",
    "SkillCommerce": "SkillCommerce",
    "SkillDemolition": "SkillDemolition",
    "SkillLogic": "SkillLogic",
    "SkillLoreImperium": "SkillLoreImperium",
    "SkillLoreWarp": "SkillLoreWarp",
    "SkillLoreXenos": "SkillLoreXenos",
    "SkillMedicae": "SkillMedicae",
    "SkillPersuasion": "SkillPersuasion",
    "SkillTechUse": "SkillTechUse",
    "Some items might be invisible until looted": "Some items might be invisible until looted",
    "Some responses such as comments about your mythic powers will always choose the first one by default. This will show a copy of the answer and the condition for each possible response that an NPC might make to you based on": "Some responses such as comments about your mythic powers will always choose the first one by default. This will show a copy of the answer and the condition for each possible response that an NPC might make to you based on",
    "Sort By Count": "Sort By Count",
    "Soul Marks": "Soul Marks",
    "Spawn": "Spawn",
    "Speed": "Speed",
    "Speeds up or slows down the entire game (movement, animation, everything)": "Speeds up or slows down the entire game (movement, animation, everything)",
    "Spellbooks": "Spellbooks",
    "Spells": "Spells",
    "Spontaneous Spells Per Day": "Spontaneous Spells Per Day",
    "StarshipAmmo": "StarshipAmmo",
    "StarshipArmorPlating": "StarshipArmorPlating",
    "StarshipAugerArray": "StarshipAugerArray",
    "StarshipBridge": "StarshipBridge",
    "StarshipGellerFieldDevice": "StarshipGellerFieldDevice",
    "StarshipItem": "StarshipItem",
    "StarshipLifeSustainer": "StarshipLifeSustainer",
    "StarshipPlasmaDrives": "StarshipPlasmaDrives",
    "Starships": "Starships",
    "StarshipVoidShieldGenerator": "StarshipVoidShieldGenerator",
    "StarshipWarpDrives": "StarshipWarpDrives",
    "StarshipWeapon": "StarshipWeapon",
    "Start": "Start",
    "Stats": "Stats",
    "Steal from living NPCs": "Steal from living NPCs",
    "Strip HTML (colors) from Logs Tab in Unity Mod Manager": "Strip HTML (colors) from Logs Tab in Unity Mod Manager",
    "Strip HTML (colors) from Native Console": "Strip HTML (colors) from Native Console",
    "Summons": "Summons",
    "System Map": "System Map",
    "Teleport": "Teleport",
    "Teleport Party To You": "Teleport Party To You",
    "The following skill check adjustments apply only out of combat": "The following skill check adjustments apply only out of combat",
    "This allows characters you control to move through the selected category of units during combat": "This allows characters you control to move through the selected category of units during combat",
    "This allows you to adjust pitch (Camera Tilt) by holding down Mouse3 (which previously just rotated)": "This allows you to adjust pitch (Camera Tilt) by holding down Mouse3 (which previously just rotated)",
    "This also includes companions who left the party such as Wenduag if you picked Lann": "This also includes companions who left the party such as Wenduag if you picked Lann",
    "This directly changes your character level but will not change exp or adjust any features associated with your character. To do a normal level up use +1 Lvl above.  This gets recalculated when you reload the game.  ": "This directly changes your character level but will not change exp or adjust any features associated with your character. To do a normal level up use +1 Lvl above.  This gets recalculated when you reload the game.  ",
    "This hides map pins of loot containers containing at most the selected rarity. <color=orange>Note: Changing settings requires reopening the map.</color>": "This hides map pins of loot containers containing at most the selected rarity. <color=orange>Note: Changing settings requires reopening the map.</color>",
    "This is intended for you to be able to enjoy the game while using mods that enhance your quality of life.  Please be mindful of the player community and avoid using this mod to trivialize earning prestige achievements like Sadistic Gamer. The author is in discussion with Owlcat about reducing the scope of achievement blocking to just these. Let's show them that we as players can mod and cheat responsibly.": "This is intended for you to be able to enjoy the game while using mods that enhance your quality of life.  Please be mindful of the player community and avoid using this mod to trivialize earning prestige achievements like Sadistic Gamer. The author is in discussion with Owlcat about reducing the scope of achievement blocking to just these. Let's show them that we as players can mod and cheat responsibly.",
    "This makes loot function like Diablo or Borderlands. <color=orange>Note: turning this off requires you to save and reload for it to take effect.</color>": "This makes loot function like Diablo or Borderlands. <color=orange>Note: turning this off requires you to save and reload for it to take effect.</color>",
    "This resets all the skill check rolls for all interactable objects in the area": "This resets all the skill check rolls for all interactable objects in the area",
    "This sets your experience to match the current value of character level": "This sets your experience to match the current value of character level",
    "This turns on the developer console which lets you access cheat commands, shows a FPS window (hide with F11), etc.\n<b><color=yellow>Warning: </color></b><color=orange>You may need to restart the game for this to fully take effect</color>": "This turns on the developer console which lets you access cheat commands, shows a FPS window (hide with F11), etc.\n<b><color=yellow>Warning: </color></b><color=orange>You may need to restart the game for this to fully take effect</color>",
    "This will change the color of NPC names on the highlight makers and change the color map markers to indicate that they have interesting or conditional interactions": "This will change the color of NPC names on the highlight makers and change the color map markers to indicate that they have interesting or conditional interactions",
    "This will change the color of NPC names on the highlike makers and change the color map markers to indicate that they have interesting or conditional interactions": "This will change the color of NPC names on the highlike makers and change the color map markers to indicate that they have interesting or conditional interactions",
    "ToyBox Archeologists can tag confusing puzzle pieces with green numbers in the game world and for inventory tool tips it will show text like this: <b><color=yellow>[PuzzlePiece Green3x1]</color></b><b><color=orange>\nNOTE: </color></b><color=orange>Needs game restart to take efect</color>": "ToyBox Archeologists can tag confusing puzzle pieces with green numbers in the game world and for inventory tool tips it will show text like this: <b><color=yellow>[PuzzlePiece Green3x1]</color></b><b><color=orange>\nNOTE: </color></b><color=orange>Needs game restart to take efect</color>",
    "ToyBox can patch some critical bugs in Rogue Trader Beta, including the following:": "ToyBox can patch some critical bugs in Rogue Trader Beta, including the following:",
    "ToyBox has limited functionality from the main menu": "ToyBox has limited functionality from the main menu",
    "Trace": "Trace",
    "Travel Speed": "Travel Speed",
    "TurretRadius": "TurretRadius",
    "TurretRating": "TurretRating",
    "Tweaks": "Tweaks",
    "Units": "Units",
    "Units CR": "Units CR",
    "Unlimited Actions During Turn": "Unlimited Actions During Turn",
    "Unlimited Stacking of Modifiers (Stat/AC/Hit/Damage/Etc)": "Unlimited Stacking of Modifiers (Stat/AC/Hit/Damage/Etc)",
    "Unlock": "Unlock",
    "Usable": "Usable",
    "Vendor Buy Price": "Vendor Buy Price",
    "Vendor Sell Price": "Vendor Sell Price",
    "Visual Character Size Multiplier": "Visual Character Size Multiplier",
    "WarhammerAgility": "WarhammerAgility",
    "WarhammerBallisticSkill": "WarhammerBallisticSkill",
    "WarhammerFellowship": "WarhammerFellowship",
    "WarhammerInitialAPBlue": "WarhammerInitialAPBlue",
    "WarhammerInitialAPYellow": "WarhammerInitialAPYellow",
    "WarhammerIntelligence": "WarhammerIntelligence",
    "WarhammerPerception": "WarhammerPerception",
    "WarhammerStrength": "WarhammerStrength",
    "WarhammerToughness": "WarhammerToughness",
    "WarhammerWeaponSkill": "WarhammerWeaponSkill",
    "WarhammerWillpower": "WarhammerWillpower",
    "Warning": "Warning",
    "Weapon": "Weapon",
    "Weapons": "Weapons",
    "When enabled and you hold down the camera follow key (usually f) the camera will keep following the unit until you release it": "When enabled and you hold down the camera follow key (usually f) the camera will keep following the unit until you release it",
    "When loading a game this will go right into the game without having to 'Press any key to continue'": "When loading a game this will go right into the game without having to 'Press any key to continue'",
    "When ticked this shows ToyBox commands in the combat log which is helpful for you to know when you used the shortcut": "When ticked this shows ToyBox commands in the combat log which is helpful for you to know when you used the shortcut",
    "Whole Party": "Whole Party",
    "Whole Team Moves Same Speed": "Whole Team Moves Same Speed",
    "will be used for editing ": "will be used for editing ",
    "Wrist": "Wrist",
    "You": "You",
    "You can enable hot keys to teleport members of your party to your mouse cursor on Area or the Global Map": "You can enable hot keys to teleport members of your party to your mouse cursor on Area or the Global Map"
  }
}