{
  "UniqueName": "0ToyBox0",
  "Version": "1.5.9i",
  "DisplayName": "ToyBox for RogueTrader",
  "Description": "[h2]Information[\/h2]\r\nMod with Cheats, Tweaks and Quality of Life Improvements\r\n[list]\r\n[*]Bag of Tricks: \r\n[list]\r\n[*]Allow both male and female RTs to romance Heinrix and Cassia\r\n[*]Allow Remote Companions to join into dialog\r\n[*]Modify Faction Reputation, Navigator's Insight, Scrap and more\r\n[*]Experience Multiplier\r\n[*]Dice Roll Cheats\/Options\r\n[*]Enable Achievements with Mods installed\r\n[\/list]\r\n[*]Level Up: Make Respec start from Level 0 for you and Companions\r\n[*]Party Editor: Modify your own conviction and\/or stats or features or portraits or voices of party members\r\n[*]Search 'n Pick: Search for ingame items\/stuff and spawn\/teleport\/give yourself things!\r\n[*]Etudes: Fix your progression by changing states!\r\n[*]Colonies: Modify different Colony Resources\r\n[\/list]\r\n\r\nWarning: ToyBox for Warhammer 40,000: Rogue Trader is a complex mod. Save early and often.\r\nNote: If you find non-functioning features, please report them.\r\nNote: Using Mods will disable Achievements. There is an option to re-enable achievements in the Bag of Tricks category of this mod.\r\n\r\n[h2]Installation[\/h2]\r\n[url=https:\/\/github.com\/cabarius\/ToyBox\/wiki\/Installing-Toybox-for-RT-(Steam-Workshop-Edition)]Read the installation Guide here.[\/url]\r\nIn addition to the three ways mentioned in the link above, there is also [url=https:\/\/steamcommunity.com\/workshop\/discussions\/18446744073709551615\/4206994023679864569\/?appid=2186680]experimental Workshop Integration[\/url].\r\n\r\n[url=https:\/\/www.reddit.com\/r\/RogueTraderCRPG\/comments\/18cxbyo\/modding_in_rogue_trader\/]Information on Modding in Rogue Trader[\/url]\r\n[url=https:\/\/github.com\/xADDBx\/ToyBox\/blob\/RT\/ToyBox\/ReadMe.md]Release Notes[\/url]\r\n\r\nCredits to:\r\n[list]\r\n[*] Narria, the original creator of the mod who is currently busy which is why I'm maintaining the mod for now\r\n[*] CascadingDragon, the writer of the installation instructions\r\n[*] Other people from the Owlcat Discord who helped me with modding.\r\n[\/list]",
  "Author": "Narria",
  "ImageName": "0ToyBox0.jpg",
  "WorkshopId": "3107755014",
  "Repository": "https://github.com/cabarius/ToyBox",
  "HomePage": "httpshttps://www.nexusmods.com/warhammer40kroguetrader/mods/1",
  "Dependencies": []
}